Tweet Content,Date,User,Source,Tweet ID,Tweet URL
@Willian_Snow Flamengo e unifacisa vem quente dmais,2020-07-13 23:59:52,KewinMuniz,Twitter for Android,1282827115780608002,https://twitter.com/statuses/1282827115780608002
"@RicardoPF ele como t√©cnico √© horr√≠vel, ele √© ruim mesmo. #Flamengo",2020-07-13 23:59:40,vellez,Twitter for Android,1282827062185787392,https://twitter.com/statuses/1282827062185787392
@ArthurRealista Vc estar vivo √© a prova q flamengo √© sele√ß√£o,2020-07-13 23:59:37,FrioOrochi,Twitter for iPhone,1282827050508836865,https://twitter.com/statuses/1282827050508836865
"Tendo em vista a iminente sa√≠da de Jesus,acho que dever√≠amos ir atr√°s de um cara experiente,com t√≠tulos na bagagem e que fale a l√≠ngua dos jogadores. Dito isso, acredito que Renato Ga√∫cho tenha que se foder pra l√° pq o Flamengo n√£o √© bagun√ßa...",2020-07-13 23:59:37,Flamemguista81,Twitter for Android,1282827050198413317,https://twitter.com/statuses/1282827050198413317
@alexCRFla Guardiola tbm √©  ü§£ü§£ü§£ n√£o  dispensaria o Guardiola no Flamengo,2020-07-13 23:59:28,ewertonshingo,Twitter Web App,1282827014655873030,https://twitter.com/statuses/1282827014655873030
"mano, eu n√£o aceito o Renato Ga√∫cho no Flamengo, contrata outro europeu, e fim.",2020-07-13 23:59:27,theusturl,Twitter for iPhone,1282827008897097728,https://twitter.com/statuses/1282827008897097728
"foram feitos um pro outro :

EU E FLAMENGO 

FLAMENGO E EU",2020-07-13 23:59:22,Anaa_Olive,Twitter for Android,1282826988303114242,https://twitter.com/statuses/1282826988303114242
Esse time do flamengo t√° me deixando preocupado!!,2020-07-13 23:59:17,Jeeframos7,Twitter for Android,1282826968124334081,https://twitter.com/statuses/1282826968124334081
"@maurocezar N√£o vejo como precipitada!!,algu√©m deveria fazer e coube ao Flamengo ser pioneiro,se n√£o aproveitasse a oportunidade no carioca falido,n√£o teria outra!!esperar clubes que adiantam as cotas de campeonatos futuros,ficar√≠amos nesse mesmo monop√≥lio!!",2020-07-13 23:59:17,Felipejfsantos1,Twitter for Android,1282826966266241026,https://twitter.com/statuses/1282826966266241026
"@StewieCRF O Flamengo de 2019 N√£o √© trabalho de 1 homem s√≥, n√£o vale nada o Jo√£o de Deus ficar e JJ levar os outros 5 caras da equipe com ele.",2020-07-13 23:59:16,andre_arraes,Twitter for iPhone,1282826961539215365,https://twitter.com/statuses/1282826961539215365
"Assinado pelo Modesto Carvalhosa,  pelos 57.000.000 de eleitores de direita, pela torcida do Flamengo, pelas crian√ßas da creche ""some Gilmar"", pelos c√£es andarilhos  e toda extratosfera!!! https://t.co/28bOC6cStI",2020-07-13 23:59:15,Lindolf80516612,Twitter for Android,1282826960280969217,https://twitter.com/statuses/1282826960280969217
Veja como foi Fluminense 1 x 2 Flamengo - Carioca 2020 - https://t.co/AyWg8qabGu #flamengo #netfla,2020-07-13 23:59:02,netfla_oficial,Netfla new tweet,1282826904156897282,https://twitter.com/statuses/1282826904156897282
Se eu fosse o Flamengo j√° iria ficar de olho no Gallardo,2020-07-13 23:58:45,jonhflamengo,Twitter for Android,1282826834183413764,https://twitter.com/statuses/1282826834183413764
"Anivers√°rio do meu pai chegando e TODO MUNDO comprou os mesmos presentes, camisa do Flamengo e cacha√ßa kkkkkkk morta",2020-07-13 23:58:45,LimaaFeehh,Twitter for iPhone,1282826831893352448,https://twitter.com/statuses/1282826831893352448
"acho que depois do Jesus o Flamengo deveria recorrer ao bom e velho Joel Santana

ou ent√£o o Senhor Waldemar",2020-07-13 23:58:36,_fcamarg,Twitter for Android,1282826797114163202,https://twitter.com/statuses/1282826797114163202
"@Flamengo https://t.co/qfH9vqYTCL 
üëÜüèª Aqui voc√™ pode ser voc√™, pois Jesus te sonda, te conhe√ßa e, por isso, te d√° esperan√ßa, recupera sua vis√£o e te liberta da opress√£o com uma incompar√°vel sabedoria. √â a voz de Jesus te chamando ‚ù§Ô∏è.
Vem hoje mesmo, √†s 20h30!
 https://t.co/oHBnHmnHNy",2020-07-13 23:58:34,magdailtorres,Twitter for Android,1282826787026763782,https://twitter.com/statuses/1282826787026763782
Ganha esse t√≠tulo flamengo https://t.co/p3FkwAiBYf,2020-07-13 23:58:31,vivoharinetto,Twitter for Android,1282826773386977282,https://twitter.com/statuses/1282826773386977282
@letrarayanne Somos todos Flamengo. SDv!,2020-07-13 23:58:26,jrpal,Twitter for iPhone,1282826755401629696,https://twitter.com/statuses/1282826755401629696
"O Peruano √© retardado, sujeito da pior esp√©cie, deplor√°vel, asqueroso, e se voc√™ acredita no que esse verme diz, voc√™ √© t√£o doente quanto ele

Esse lixo tinha que ser expulso do quadro de s√≥cios do Flamengo.",2020-07-13 23:58:25,planeta_mengao,Twitter for iPhone,1282826748397264896,https://twitter.com/statuses/1282826748397264896
@yuri_pereira3 CORRE√á√ÉO: Um Flamengo vs Santos (Maior jogo da hist√≥ria do futebol brasileiro),2020-07-13 23:58:18,DsSirimarco,Twitter Web App,1282826721448865793,https://twitter.com/statuses/1282826721448865793
"Eu vi ‚ÄúJesus Favelado‚Äù no Twitter e logo achei que o Jorge Jesus tinha aceitado permanecer no Flamengo para a festa na favela, mas me enganei. üòï",2020-07-13 23:58:18,ItaloSilvaCB,Twitter for iPhone,1282826719775334407,https://twitter.com/statuses/1282826719775334407
"Dps de muito tempo resolvi voltar a ver alguns programas esportivos hoje e descobri que todo mundo sabe como parar o Flamengo atualmente ae lembrei porque tinha parado de assistir. T√° muito f√°cil ser ""jornalista esportivo"" no Brasil.",2020-07-13 23:58:12,MaicomMk7,Twitter for Android,1282826693212766209,https://twitter.com/statuses/1282826693212766209
"Jorge Jesus vai embora do Flamengo 

T√¥ triste",2020-07-13 23:58:07,Phtonhao,Twitter for Android,1282826675739332614,https://twitter.com/statuses/1282826675739332614
"@Flamengo Por isso √© importante manter o Berr√≠o no elenco, nessas horas ele pode ser muito √∫til e aplicar seus conhecimentos m√©dicos.",2020-07-13 23:58:03,Flamengo_offRio,Twitter for Android,1282826659037687814,https://twitter.com/statuses/1282826659037687814
todo dia essa mesma hist√≥ria do jj sair do flamengo,2020-07-13 23:58:03,juliananovis,Twitter for iPhone,1282826657510961154,https://twitter.com/statuses/1282826657510961154
@vitorbirner Pede para mudar o mascote do Flamengo,2020-07-13 23:58:01,falabilu,Twitter for Android,1282826650019926018,https://twitter.com/statuses/1282826650019926018
"#JOGOSAGRADO Benja Zico est√° com a raz√£o, o Flamengo √© um time a ser batido, a√≠ √© que o bom t√©cnico aparece, mudar a forma da equipe jogar, porque essa j√° est√° ficando manjada...",2020-07-13 23:58:00,adaogdesousa,Twitter for Android,1282826645880152064,https://twitter.com/statuses/1282826645880152064
"@FoxSportsBrasil Aproveita o carioca Sormani q depois vai acabar igual ano passado babando o Flamengo, j√° conhecemos esse filme",2020-07-13 23:57:56,allan27marina,Twitter Web App,1282826627769151488,https://twitter.com/statuses/1282826627769151488
"@muzzihenrique O Cara nem foi cogitado no Flamengo,o JJ nem saiu ainda e os caras especulando,muita falta de assunto mesmo.",2020-07-13 23:57:33,CarlosHcsantos,Twitter for Android,1282826532268969990,https://twitter.com/statuses/1282826532268969990
@futebol_info Eu odeio o Flamengo mas vou assistir o Fla Flu pra a globo se foder,2020-07-13 23:57:28,fernandon80,Twitter for iPhone,1282826511544983552,https://twitter.com/statuses/1282826511544983552
"@EuclidesFla Se o JJ realmente, sair o que me parece inevit√°vel nos pr√≥ximos dias, e se eu pudesse, iria pessoalmente a√≠ aeroporto com uma camisa do Flamengo, tentar falar com ele e dizer ""Muito Obrigado, cara. Vc nunca ser√° esquecido""",2020-07-13 23:57:21,CaioTaveira,Twitter for Android,1282826482310684673,https://twitter.com/statuses/1282826482310684673
@FoxSportsBrasil Discurso do pascoal NORMAL cornetando o FLAMENGO,2020-07-13 23:57:17,Jososma44558844,Twitter for Android,1282826463100706819,https://twitter.com/statuses/1282826463100706819
"@martinFLA81 O Flamengo tem 1 t√≠tulo para ganhar!
Pq haveria o Jorge jesus falar alguma coisa?
Primeiro foco √© o clube q treina e est√° a respeitar..tem q manter o foco tb dos jogadores na conquista do objetivo!
Voc√™s t√™m q aguentar a novela ate sexta-feira pelo menos..dps veem..",2020-07-13 23:57:08,serial_87,Twitter Web App,1282826424689328128,https://twitter.com/statuses/1282826424689328128
@Flamengo Porra!!! Gelei quando li o in√≠cio pqp,2020-07-13 23:57:08,Coringaas1,Twitter for iPhone,1282826424643194881,https://twitter.com/statuses/1282826424643194881
@FoxSportsBrasil baba menos ovo do Flamengo fox filha da puta,2020-07-13 23:57:04,victorgec_1943,Twitter for Android,1282826409090613251,https://twitter.com/statuses/1282826409090613251
"@EuclidesFla De fato, mas n√£o significa que o Flamengo tem de facilitar as coisas desse jeito. Porra, multa de ‚Ç¨1 milh√£o de euros qualquer clube europeu no universo paga.",2020-07-13 23:56:44,bem_robo,Twitter Web App,1282826325355573250,https://twitter.com/statuses/1282826325355573250
@BastidoresFla Realmente a divulga√ß√£o desses boatos prejudicam mto o Flamengo e nossos planos....deveriam punir os respons√°veis,2020-07-13 23:56:38,pabloda22,Twitter for Android,1282826300512768000,https://twitter.com/statuses/1282826300512768000
"Pascoal, o Fluminense pode at√© fazer gol no Flamengo o duro √© ficar sem tomar nenhum @benjaminback #jogosagrado",2020-07-13 23:56:31,Adriano_Canaa,Twitter for iPhone,1282826272750686210,https://twitter.com/statuses/1282826272750686210
"Todo m√™s tem uma cavada afirmando uma sa√≠da do treinador para outro clube na m√≠dia esportiva, enche o saco...

#Flamengo",2020-07-13 23:56:27,saulo_uchoa,Twitter Web App,1282826253016485888,https://twitter.com/statuses/1282826253016485888
"desde j√° sofrendo com o fim da Era Jesus no Flamengo. Vou sofrer antes, durante e depois. A torcida tem direito de sofrer, se exceder no sofrimento. ponto m√°ximo da experi√™ncia rubro-negra em campo desde que me conhe√ßo.",2020-07-13 23:56:27,camarada_d,Twitter for iPhone,1282826252647305216,https://twitter.com/statuses/1282826252647305216
"@venecasagrande Boa noite Gabriel tem que aprender com Zico o que √© carater sou Flamengo at√© morrer ,mas n√£o apoio a falta de carater e arrogancia desses estrelas, eles tem que saber que s√£o exemplo e n√£o poderia responder ao arbitro daquela forma no fla flu entenda voc√™ √© exemplo para os jovens",2020-07-13 23:56:26,LUIZLUIDHI,Twitter Web App,1282826250701217793,https://twitter.com/statuses/1282826250701217793
"Basquete: L√©o Dem√©trio renova com o Flamengo. Yago se despede do Paulistano e ser√° anunciado pelo Rubro-Negro.
 https://t.co/A0hhND9o24",2020-07-13 23:56:10,ninhodanacao,Twitter for Android,1282826181654597634,https://twitter.com/statuses/1282826181654597634
"Perdi inscrito pq postei um react de m√∫sica em homenagem ao Flamengo
Toma no cu n√©",2020-07-13 23:55:55,JoaoPePt,Twitter for Android,1282826120870715393,https://twitter.com/statuses/1282826120870715393
"Meu Deus, como foi bom ver esse Flamengo. Que ben√ß√£o eu poder ter levado meu pai ao Maracan√£ para ver isso, 34 anos depois de ele ter me levado pela primeira vez. Durou um ano. Foi como um conto de fadas. E s√≥ o que me importa √© o quanto fomos felizes. Obrigado, Mister.",2020-07-13 23:55:46,flapravaler,Twitter for Android,1282826083130396677,https://twitter.com/statuses/1282826083130396677
Gera√ß√£o 2019 de torcedores do flamengo https://t.co/cl2SnVhfO0,2020-07-13 23:55:42,FSouzaCRVG,Twitter for Android,1282826063874265088,https://twitter.com/statuses/1282826063874265088
@Marcellarg77 Que beleza de programa maravilhoso ve zico e Zinho juntos obrigado Zinho e meu √≠dolo zico por tudo que fez pela nasao e pelo Flamengo zico gostaria de te uma lembran√ßa sua gostaria muito si pode-se obrigado baixar,2020-07-13 23:55:32,Gilbert08061716,Twitter for Android,1282826023818625024,https://twitter.com/statuses/1282826023818625024
@FoxSportsBrasil GENTE O FLAMENGO T√Å 5 JOGOS S√ì O BENJA QUER QUE O FLAMENGO ESTEJA VOANDO √â INCOMPREENS√çVEL,2020-07-13 23:55:29,Jososma44558844,Twitter for Android,1282826011638366208,https://twitter.com/statuses/1282826011638366208
quando eu fugir de casa e tatuar o escudo do flamengo no bra√ßo then y‚Äôall see,2020-07-13 23:55:28,sweetheartjoo,Twitter for iPhone,1282826005728694272,https://twitter.com/statuses/1282826005728694272
@enzociraudo_ flamengo postou alguma piada?,2020-07-13 23:55:27,febessa_,Twitter for iPhone,1282826004868759552,https://twitter.com/statuses/1282826004868759552
pode passar filme porn√¥ que n√£o v√£o ganhar do flamengo https://t.co/4vKjwoheTR,2020-07-13 23:55:21,carlosrenancrf,Twitter for iPhone,1282825975902998528,https://twitter.com/statuses/1282825975902998528
"@FlaRei_1895 Jaja a fox/espn come√ßam a alimentar isso. √â isso q a m√≠dia quer, ver o Flamengo afundar",2020-07-13 23:55:20,FelipePimenta88,Twitter for Android,1282825975349354496,https://twitter.com/statuses/1282825975349354496
"@gerinhalobo_ Haha to feliz que ele ta indo bem ai , vai render muito dinheiro pra gente ( Flamengo )",2020-07-13 23:55:11,Gabriel29631814,Twitter for Android,1282825936061239300,https://twitter.com/statuses/1282825936061239300
"#jogoSagrado benjaaaaa, o Flamengo joga ruim, empata o jogo, joga mal, ganha, rapaz o Fluminense √© muito ruim",2020-07-13 23:55:10,PetronioLire,Twitter for Android,1282825930130493446,https://twitter.com/statuses/1282825930130493446
@BastidoresFla foi o fdp do Peruano q se diz torcedor do Flamengo! esse fdp tinha q ser expulso ele smp quer tumultuar os bastidores!,2020-07-13 23:55:05,MENGOCAMPEO1,Twitter for iPhone,1282825910929035264,https://twitter.com/statuses/1282825910929035264
"@FlaResenhaNews E tem que levar em conta que estamos atravessando uma grave crise financeira no Pa√≠s!
Flamengo fez muito bem em largar essa Empresa Monopolista!",2020-07-13 23:55:04,Andradezil,Twitter for Android,1282825906512429056,https://twitter.com/statuses/1282825906512429056
"Quem pede Renato ga√∫cho no Flamengo, comenta aqui e aproveite e passe o endere√ßo, fa√ßo quest√£o de ir pessoalmente na sua casa de encher de bicuda",2020-07-13 23:54:58,Flaterror13,Twitter for Android,1282825882999107584,https://twitter.com/statuses/1282825882999107584
Se for pro Jesus sair que o Flamengo busque outro t√©cnico europeu por que aqui no Brasil n√£o tem ngm pra poder da continuidade no trabalho,2020-07-13 23:54:48,crf_rml,Twitter for iPhone,1282825840519196680,https://twitter.com/statuses/1282825840519196680
Com certeza pra ver o Flamengo!,2020-07-13 23:54:34,arenacanaa,Twitter for Android,1282825779265646592,https://twitter.com/statuses/1282825779265646592
@futebol_info Pqp passar filme do The Rock que todo mundo viu pra tentar bater de frente com o Flamengo kkkkkkk,2020-07-13 23:54:32,PCL1991,Twitter Web App,1282825771908825091,https://twitter.com/statuses/1282825771908825091
@Flamengo brinca assim n,2020-07-13 23:54:23,mlkfarofa,Twitter for iPhone,1282825732792745984,https://twitter.com/statuses/1282825732792745984
@gabigol Ja foi expulso e acabou. Para de chorar. Flamengo foi beneficiado milhares de vezes com arbitragem. Choro atoa!,2020-07-13 23:54:21,pablojfd22,Twitter for iPhone,1282825725419180034,https://twitter.com/statuses/1282825725419180034
quando o coronga meter o p√© a primeira pessoa que me pagar um ingresso pra ver um jogo do flamengo eu pe√ßo em casamento fodase,2020-07-13 23:54:19,93_swan,Twitter for Android,1282825716975964160,https://twitter.com/statuses/1282825716975964160
Ol√° meus amigos tem v√≠deo novo no IGTV do meu Instagram @sinedinoedmo ser√° que encontraram a f√≥rmula de parar o Flamengo,2020-07-13 23:54:18,EdmoSinedino,Twitter for Android,1282825713490505734,https://twitter.com/statuses/1282825713490505734
@edinhobfr Pior √© a s√≥ Flamengo,2020-07-13 23:54:08,Caruzofjb,Twitter for iPhone,1282825670750621698,https://twitter.com/statuses/1282825670750621698
"@Esp_Interativo Se tivesse com a camisa do Flamengo, hoje tava no Real Madrid...",2020-07-13 23:54:01,MinhaFutOpiniao,Twitter for Android,1282825643097554945,https://twitter.com/statuses/1282825643097554945
"@pedrotorre Se o Flamengo fosse jogar contra o Liverpool, tudo bem, mas vai jogar contra um time do Rio. N√£o ser√° uma substitui√ß√£o imprescind√≠vel principalmente contra quem o flamengo vai jogar.",2020-07-13 23:53:59,mtsbrasil1,Twitter for Android,1282825632876048387,https://twitter.com/statuses/1282825632876048387
"obrigado por tudo, Jorge Jesus! pra sempre na hist√≥ria do nosso Flamengo.",2020-07-13 23:53:51,jv_monteiro7,Twitter for iPhone,1282825598281408514,https://twitter.com/statuses/1282825598281408514
@Flamengo GANHA Y GANHA,2020-07-13 23:53:49,AnaGabriellyd10,Twitter Web App,1282825591155232768,https://twitter.com/statuses/1282825591155232768
Como vai ser o Cartola FC sem o Flamengo?,2020-07-13 23:53:46,FP_santos200,Twitter for Android,1282825578073280514,https://twitter.com/statuses/1282825578073280514
"@benjaminback N√£o sou flamengo e nem fluminense mas na minha opini√£o faltou bom senso para o √°rbitro, o jogo praticamente estava acabando, se tivesse feito alguma falta grave concordaria mas por enrolar pra sair de campo era s√≥ dar mais 30segundos e pronto, mas eles adoram complicar.",2020-07-13 23:53:37,bernardoniCPV,Twitter for Android,1282825539498258432,https://twitter.com/statuses/1282825539498258432
"O jogo do flamengo vai passar no sbt msm, eu pensando que era k.o kkkkkkkkkk",2020-07-13 23:53:34,IgorChacraa,Twitter for Android,1282825527305306112,https://twitter.com/statuses/1282825527305306112
"@cfthaismelchior Flamengo

Obrigada Thais Melchior",2020-07-13 23:53:33,world_thais_,Twitter for Android,1282825526420353024,https://twitter.com/statuses/1282825526420353024
@Flamengo Pedro,2020-07-13 23:53:20,ElieserCustodio,Twitter for Android,1282825471860899840,https://twitter.com/statuses/1282825471860899840
"Amanh√£ √†s 11hs √© comigo no canal da @pluriconsult no YouTube:
- Quanto o Flamengo ganhar√° na final do SBT? 
- Puni√ß√£o ao Athletico 
- Catarinense X Covid: E se acontecer no Brasileir√£o?
- Qual clube ter√° maior preju√≠zo em 2020?
Inscreva-se j√° e n√£o perca: https://t.co/zNCZ8oDfbJ https://t.co/tYOZBY14Ny",2020-07-13 23:53:10,Fernandopluri,Twitter for Android,1282825427560599553,https://twitter.com/statuses/1282825427560599553
@futebol_info Se perguntar ele vai responder que prefere ser banco no Flamengo kkkk,2020-07-13 23:53:08,RReis9_Real,Twitter for iPhone,1282825420640079873,https://twitter.com/statuses/1282825420640079873
"Com  a troca da Globo pelo SBT, jogo do Flamengo se valoriza em 1780% https://t.co/XdemcdwjQ8 via @gavea_news",2020-07-13 23:53:07,ofof2k1,Twitter Web App,1282825415241936903,https://twitter.com/statuses/1282825415241936903
"@BastidoresFla Dizem que foi o Peruano que soltou a historia,fico me perguntando se nao teria alguem por tras do peruano nisso tudo,pq a gente sabe que tem gente que quer ser maior do que o Flamengo.",2020-07-13 23:53:02,marcellusleitte,Twitter for Android,1282825393989390337,https://twitter.com/statuses/1282825393989390337
#jogoSagrado Boa noite Benjamin e a todos  especialmente a meu Deus  esse extraordin√°rio ser exemplo de ser humano  ZICO Beja o problema do Flamengo e s√≥ a falta da torcida n√£o existe nada de anormal  Gil Iguatu CE,2020-07-13 23:52:55,Gil59982449,Twitter for Android,1282825366458032130,https://twitter.com/statuses/1282825366458032130
2 semanas depois do jogo do Flamengo t√° l√° eu e o Caio falando do mesmo.,2020-07-13 23:52:32,juhponto_,Twitter for Android,1282825269745778688,https://twitter.com/statuses/1282825269745778688
@_thalesnogueira Mas com Mauro Cezar no grupo √© covardia...ele S√ì fala do Flamengo. Incr√≠vel!!!,2020-07-13 23:52:32,MTGarcia,Twitter for Android,1282825267015188480,https://twitter.com/statuses/1282825267015188480
@Flamengo HAHA FUDEU,2020-07-13 23:52:30,ilysbcrf,Twitter for Android,1282825261462032390,https://twitter.com/statuses/1282825261462032390
"Falam mal dele pq ele joga no Flamengo, se fosse qualquer outro clube do Brasil chamariam ele de ""Brabo"" https://t.co/9tKuUh478o",2020-07-13 23:52:25,RAPHAFLA_32,Twitter for Android,1282825241161535490,https://twitter.com/statuses/1282825241161535490
"""aquela brahma duplo malte, bem cremos..gol do flamengo"" https://t.co/2AEtUtxELe",2020-07-13 23:52:15,Juaum_PD,Twitter for Android,1282825199436562432,https://twitter.com/statuses/1282825199436562432
S√≥ falta o Lucas Silva pedir pra sair do Flamengo e voc√™s falarem que √© por causa de amante,2020-07-13 23:52:12,_mmcrf,Twitter for Android,1282825186967007234,https://twitter.com/statuses/1282825186967007234
"@vitorsergio o assunto n√£o voltou a tona, todo mundo sabe que o rafinha √© enorme no futebol. √â s√≥ zoeira dos rivais( at√© porque todo mundo tem o flamengo como maior rival), normal.",2020-07-13 23:52:11,edufla07,Twitter Web App,1282825180130291714,https://twitter.com/statuses/1282825180130291714
"@Flamengo Estou junto, irei assistir no SBT e na Fla Tv, Vamos Meng√£o",2020-07-13 23:52:09,pedrbala,Twitter for Android,1282825173272494082,https://twitter.com/statuses/1282825173272494082
BOA NOITE üôèüèºüôåüèº‚ù§ https://t.co/qL3LFzddx6,2020-07-13 23:52:08,moral_flamengo,Twitter for Android,1282825169975652352,https://twitter.com/statuses/1282825169975652352
"@joycmfigueira uma sufoca√ß√£o com o flamengo n√©, Deus q me livre",2020-07-13 23:52:08,gbono_,Twitter Web App,1282825169925550083,https://twitter.com/statuses/1282825169925550083
Flamengo que me venha jogando lixo dnv pra ele ver vou silenciar o estagi√°rio,2020-07-13 23:52:02,artthurcrf,Twitter for Android,1282825144986152967,https://twitter.com/statuses/1282825144986152967
@jonasstelman Agora todo jogador/treinadordo FLAMENGO arruma outra na rua kkk,2020-07-13 23:52:01,IsmaelJnior20,Twitter for Android,1282825138271133697,https://twitter.com/statuses/1282825138271133697
"@maurocezar Se sair ou se ficar, serei eternamente grato ao Mister por tudo o que ele fez pelo Flamengo e pela chacoalhada que deu no futebol brasileiro.",2020-07-13 23:51:59,marjancrf,Twitter Web App,1282825129018494977,https://twitter.com/statuses/1282825129018494977
"O peruano solta uma merda e v√°rios torcedores caem e divulgam a hist√≥ria, o pr√≥prios torcedores do Flamengo sabotam tudo. O Jorge Jesus j√° t√° inclinado pra sair, imagina isso chegando nos ouvidos dele e da mulher? Eu vazaria daqui na hora",2020-07-13 23:51:50,jaopedrocrf,Twitter for iPhone,1282825092062482432,https://twitter.com/statuses/1282825092062482432
"Isso aqui √© Flamengo.
Uma vez Flamengo, sempre Flamengo!",2020-07-13 23:51:47,arenacanaa,Twitter for Android,1282825082054770690,https://twitter.com/statuses/1282825082054770690
"@tiringacrf Meu sarrafo para √≠dolo √© bem alto, mas sei da import√¢ncia dele no Flamengo. Jogou demais.",2020-07-13 23:51:45,ajmalheiro,Twitter for Android,1282825071493619718,https://twitter.com/statuses/1282825071493619718
"Caso Jorge Jesus sa√≠sse do Flamengo, quem seria um bom substituto para o cargo de t√©cnico?",2020-07-13 23:51:41,Informengoofc,Twitter for Android,1282825053575487488,https://twitter.com/statuses/1282825053575487488
"""O Flamengo √© acostumado a jogar com casa cheia com aquela vibra√ß√£o, voc√™ voltar com est√°dio vazio √© complicado.""

‚ÄîZico",2020-07-13 23:51:31,HENRIQUEALBERT5,Twitter for Android,1282825014878904320,https://twitter.com/statuses/1282825014878904320
"Eles nunca v√£o entender o peso desse manto, isso √© Flamengo, vai segurando https://t.co/MqmTxziZXf",2020-07-13 23:51:27,salamsalama75,Twitter for Android,1282824997598371840,https://twitter.com/statuses/1282824997598371840
Mais um dia normal sob o umbigo do Clube de Rea√ßas do Flamengo https://t.co/U2HaRq8w4L,2020-07-13 23:51:21,duportolima,Twitter for iPhone,1282824972960960521,https://twitter.com/statuses/1282824972960960521
"Eu amo sentar no port√£o e conversa c os meus tios sobre Flamengo, nossa maior paix√£o! üî¥‚ö´üòç",2020-07-13 23:51:18,carolinaa_crf,Twitter for Android,1282824958708797441,https://twitter.com/statuses/1282824958708797441
"Ningu√©m √© maior que o Flamengo, NINGU√âM!!!!!",2020-07-13 23:51:18,Romin_Santos,Twitter for Android,1282824957257486337,https://twitter.com/statuses/1282824957257486337
"@Flamengo Quero sangue nos olhos e que vcs larguem essa pregui√ßa , bora pra cima das flores",2020-07-13 23:51:17,FLAMATH07,Twitter for Android,1282824953553915905,https://twitter.com/statuses/1282824953553915905
"#JogoSagrado Paschoal de Quintino passando pano para administra√ß√£o do Menguin. Somente para deixar claro, qd o Flamengo iniciou os seus treinos n√£o havia autoriza√ß√£o da Prefeitura para tal, inclusive gerou multa irm√£o.",2020-07-13 23:51:14,EuAdvDf,Twitter for Android,1282824941679894529,https://twitter.com/statuses/1282824941679894529
@FoxSportsBrasil ZINCO E ZINHO CUIDADADO COM O BENJA E PASCOAL ELES S√ÉO ANTE FLAMENGO S√ì CRITICAM,2020-07-13 23:51:10,Jososma44558844,Twitter for Android,1282824926995656705,https://twitter.com/statuses/1282824926995656705
"A tropa cheio de ouro s√¥ menor marolento ,trajado de lacoste ou a camisa do flamengo üéß",2020-07-13 23:51:09,FielFxp_57,Twitter for Android,1282824922419601413,https://twitter.com/statuses/1282824922419601413
@planeta_mengao Flamengo j√° deve ter outro t√©cnico no contato do braz,2020-07-13 23:51:06,erikgndor,Twitter for Android,1282824907353739264,https://twitter.com/statuses/1282824907353739264
"@FlaResenhaNews Flamengo abriu m√£o de muita coisa,e vai ajudar em muito os clubes falidos.",2020-07-13 23:50:59,Andradezil,Twitter for Android,1282824878513627141,https://twitter.com/statuses/1282824878513627141
"Esse √°rbitro expulsou o gabigol de vingan√ßa, deve ter secado tanto o Flamengo ano passado kkkkk",2020-07-13 23:50:56,d13g0crf,Twitter for iPhone,1282824866765459456,https://twitter.com/statuses/1282824866765459456
Zico √© o tequinico do flamengo https://t.co/Vj6zexbQ5r,2020-07-13 23:50:51,Gilbert54940792,Twitter for Android,1282824844724379649,https://twitter.com/statuses/1282824844724379649
@BastidoresFla Simples. Quem soltou essa merda foi o Peruano e outro ex dirigente de TO que hoje √© s√≥cio e conselheiro do Flamengo. √â s√≥ ir pra cima desses.,2020-07-13 23:50:45,FelipeRSantAnn2,Twitter for Android,1282824821546590208,https://twitter.com/statuses/1282824821546590208
"[13/7 20:43] ùñèùñç ùñòùñÜùñìùñôùñîùñò: t√¥ querendo pegar um cord√£o personalizado do flamengo
[13/7 20:43] melhor amiga: E eu vou roubar de vc
[13/7 20:43] melhor amiga: Compra sim amiga
[13/7 20:43] melhor amiga: Vai ficar lindo em mim
[13/7 20:43] melhor amiga: Ops

abusada",2020-07-13 23:50:42,jhs_crf,Twitter for Android,1282824808347074561,https://twitter.com/statuses/1282824808347074561
"Se JJ sair, uma certeza eu tenho: os atuais dirigentes do Flamengo n√£o efetivar√£o t√©cnico interino, como o Banana fez com Z√© Ricardo, Barbieri e Carpegiani",2020-07-13 23:50:38,AntMarco18,Twitter for Android,1282824790794018816,https://twitter.com/statuses/1282824790794018816
#jogoSagrado @benjaminback Boa Noite Benjaaaaaaaaaa !!! Benja a volta antecipada e simples ! O FLAMENGO e VASCO E A FEDERA√á√ÉO DO RJ ESTAO MONTANDO UM TORNEIO NESSE M√äS DE RESESSO COM TRANSMISS√ÉO DO SBT . NADA E FEITO SEM MALDADE .,2020-07-13 23:50:36,NelsonC77756349,Twitter for Android,1282824782875156480,https://twitter.com/statuses/1282824782875156480
Flamengo x Fluminense no SBT vai competir com Jornal Nacional https://t.co/mmPtXqgqG3,2020-07-13 23:50:35,colunapatriota,Twitter for Android,1282824777749671937,https://twitter.com/statuses/1282824777749671937
"Porra, √© impressionante como q sempre tem q ter alguma merda. N√£o tem nenhum time no Brasil igual ao Flamengo, pqp!

Flamengo voando em 2008, Marcinho metendo gol adoidado, bateu na mulher e fugiu p ar√°bia que nem o Dudu  Cu√©llar traiu a mulher e teve que vazar  agorra essa do JJ",2020-07-13 23:50:34,vinicius_sj10,Twitter for Android,1282824773651890177,https://twitter.com/statuses/1282824773651890177
J√° est√£o escolhendo at√© o novo t√©cnico s√≥ Flamengo?! üëÄüò±,2020-07-13 23:50:33,flamengcamisa12,Twitter for iPhone,1282824771701485568,https://twitter.com/statuses/1282824771701485568
Vai quebrando toda a feiti√ßaria https://t.co/uoDxvdY63p,2020-07-13 23:50:31,CRF_Maju05,Twitter for Android,1282824763350581255,https://twitter.com/statuses/1282824763350581255
p piorar meu dia s√≥ falta sair a not√≠cia que JJ vai sair do Flamengo e o pior eh do jeito que as coisas est√£o a qualquer momento essa not√≠cia pode sair,2020-07-13 23:50:18,crfsthef,Twitter for Android,1282824707847393281,https://twitter.com/statuses/1282824707847393281
#jogoSagrado @benjaminback pergunta pro Zico quem seria o t√©cnico ideal para o Flamengo caso Jorge Jesus n√£o fique?,2020-07-13 23:50:11,brunogomes_6,Twitter for iPhone,1282824678629945345,https://twitter.com/statuses/1282824678629945345
@LFlaMengao Se fosse o de 2016/2017 eu at√© gostaria mas depois do ano passado eu tomei um ran√ßo desse Falastr√£o que eu sou contra ele no Flamengo,2020-07-13 23:50:11,PDNRubroNegro,Twitter for Android,1282824677753315330,https://twitter.com/statuses/1282824677753315330
@futebol_info √â s√©rio que eles est√£o achando que o Diego vai sair do Flamengo? üòÇ,2020-07-13 23:49:59,belex_amorim,Twitter for iPhone,1282824628340166658,https://twitter.com/statuses/1282824628340166658
"sou muito grata pelo ano de 2019, queria sim que ele ficasse, mas se quer ir, vai. s√≥ n√£o precisava renovar com o flamengo se era p fazer essa palha√ßada. https://t.co/FW39md9BE1",2020-07-13 23:49:57,crfrwh,Twitter for Android,1282824618017988608,https://twitter.com/statuses/1282824618017988608
Flamengo √© maior que tudo e todos,2020-07-13 23:49:53,eduardorcrj,Twitter Web App,1282824603430264832,https://twitter.com/statuses/1282824603430264832
"72.921 mortos. 

Quarta, na decis√£o do Covid√£o 2020, o mandante Flamengo podia colocar um mosaico no Maracan√£ com a frase S√ì CABE AQUI. 

https://t.co/KnPT9Dm18g",2020-07-13 23:49:47,sergeta,Twitter Web App,1282824578369298435,https://twitter.com/statuses/1282824578369298435
"@mathrochagunsn1 Ele recusou no fim do ano passado, ainda n√£o existia uma pandemia. E detalhe que foi quando ele tinha acabado de ganhar a Libertadores com o Flamengo.

''Ele avalia a qualidade do elenco e a capacidade de disputar t√≠tulos grandes com ele.''",2020-07-13 23:49:45,NoticiasCRF07,Twitter Web App,1282824568504188928,https://twitter.com/statuses/1282824568504188928
"Fofox s√≥ fala merda sobre o Flamengo, os arrombados torcendo pro Mister ir pro Benfica. Tudo pau no cu üñïüèº",2020-07-13 23:49:43,RennanReiis,Twitter for Android,1282824561214586880,https://twitter.com/statuses/1282824561214586880
E tamb√©m foram campe√µes da copa Libertadores ( Com gabigol e Bruno H na artilharia e na disputa do rei da Am√©rica. Com Bh vencedor). #foxsportsradio #Flamengo,2020-07-13 23:49:40,M_Antunes0,Twitter for iPhone,1282824549206294528,https://twitter.com/statuses/1282824549206294528
"@Flamengo Foco e ra√ßa, joguem por n√≥s! Jogaremos juntos",2020-07-13 23:49:40,atataina,Twitter for Android,1282824545892814848,https://twitter.com/statuses/1282824545892814848
"@lorraneufrasio O Flamengo √© maior at√© que o Zico. O Zico. 
Acho que o Mister √© s√≥ at√© quarta mesmo.",2020-07-13 23:49:33,Kynho87230283,Twitter Web App,1282824516150976513,https://twitter.com/statuses/1282824516150976513
"Flamengo precisa colocar no papel e na pr√°tica uma metodologia de jogo. Igual ao Barcelona  estilo de jogo √∫nico. Qualquer treinador que vir, ter√° que entender/estudar o estilo de jogo do Flamengo(da ""Era JJ""), treinar da sua forma, l√≥gico, mas n√£o sair da metodologia do Flamengo",2020-07-13 23:49:25,maciel_fellipe7,Twitter for Android,1282824485712863233,https://twitter.com/statuses/1282824485712863233
"O cara √© apaixonado pelo Flamengo e ainda tem boas condi√ß√µes de trabalho e sal√°rio, nunca q saiüòî https://t.co/QfTdQMqVQp",2020-07-13 23:49:22,mcl_vin,Twitter for iPhone,1282824473222225923,https://twitter.com/statuses/1282824473222225923
@rcalfo Chata √© minha vida quero meu Flamengo raiz de volta com flamengadas e crises,2020-07-13 23:49:21,brunoalv79,Twitter for Android,1282824468491046912,https://twitter.com/statuses/1282824468491046912
"Gostaria muito q Jorge Jesus continue no Flamengo , mas t√° muito claro q o a Deus est√° pr√≥ximo, existem muitas especula√ß√µes, com essa sa√≠da dessa forma vai ficar manchada , mais mesmo assim agrade√ßo pelos servi√ßos prestados e seguimos em frente !!!! @ProgramaRN",2020-07-13 23:49:18,203Fla,Twitter for Android,1282824454922539011,https://twitter.com/statuses/1282824454922539011
"Vale a pena ver de novo...

Assistindo Final da Recopa Flamengo x Independiente del Valle na DAZN

Ps. Como o ""mo√ßo"" narra mal.

Credo!",2020-07-13 23:49:15,xx_foley,Twitter Web App,1282824443048398850,https://twitter.com/statuses/1282824443048398850
"caraca, nem eu esperava isso :) https://t.co/RHETBCRvJt",2020-07-13 23:49:10,_erickemanuel_,Twitter for iPhone,1282824423100362753,https://twitter.com/statuses/1282824423100362753
"@futebol_info √ìbvio que ele quer ser banco no flamengo, oto patamar",2020-07-13 23:49:00,RuanLancini,Twitter for Android,1282824380385497088,https://twitter.com/statuses/1282824380385497088
"@delaurentiis_br Ele renovou no auge da pandemia, sabendo toda quest√£o de calend√°rio.

Mesmo mudando de ideia, n√£o precisava autorizar negocia√ß√£o no meio das finais. Muito menos com vazamentos constantes, tirando foco do jogo.

O clube est√° se apequenando nessa. Ningu√©m est√° acima do Flamengo.",2020-07-13 23:49:00,eduardocortesf,Twitter for Android,1282824379311763459,https://twitter.com/statuses/1282824379311763459
"@futebol_info N√£o sei, ele recusou dinheiro demais pra jogar no Orlando por amor e identifica√ß√£o com o clube. N√£o sei se arriscaria manchar a imagem que j√° tem com o Santos pra jogar no rival, acho que encerra por aqui no Flamengo.",2020-07-13 23:49:00,wallace_crf15,Twitter for Android,1282824378099564545,https://twitter.com/statuses/1282824378099564545
@FoxSportsBrasil Zico  tem possibilidade do Fluminense surpreender o Flamengo na Final  quarta feira,2020-07-13 23:48:55,kinhosouza21,Twitter Web App,1282824358847799301,https://twitter.com/statuses/1282824358847799301
Zinco e zinho o Benjamin √© antes flamengo s√≥ cr√≠tica em todos os programas que ele comanda tenham cuidados #jogosagrado,2020-07-13 23:48:50,Jososma44558844,Twitter for Android,1282824337364602880,https://twitter.com/statuses/1282824337364602880
"@gustavovillani Mais uma vit√≥ria f√°cil do Flamengo no tapet√£o, digo TJD ou STJD.",2020-07-13 23:48:46,RaizEsporte,Twitter for Android,1282824320440573952,https://twitter.com/statuses/1282824320440573952
"Os dias tem sido estranhos. Provavelmente estamos vivendo o final de um Flamengo que ser√° lembrado como ""o Flamengo de Jesus"", merecidamente santificado. E o time acusa o golpe, n√£o tinha como ser diferente.",2020-07-13 23:48:41,flapravaler,Twitter for Android,1282824299758391299,https://twitter.com/statuses/1282824299758391299
achar gente q n gosta do flamengo √© f√°cil at√© https://t.co/qV14r5TGsh,2020-07-13 23:48:39,Saturn_2004,Twitter for Android,1282824292749717505,https://twitter.com/statuses/1282824292749717505
"Se Jorge Jesus sair do Flamengo, √© isso. Agora sair e levar Bruno Henrique e Gerson, vai tomar no cu, vai ser odiado",2020-07-13 23:48:38,speel021,Twitter for Android,1282824287959822341,https://twitter.com/statuses/1282824287959822341
Hater do flamengo aqui taokei üó£Ô∏èüëäüèª,2020-07-13 23:48:30,reptilianah,Twitter for Android,1282824254703185920,https://twitter.com/statuses/1282824254703185920
"√â sacanagem ningu√©m do Flamengo e nem o JJ falar algo sobre esse neg√≥cio do JJ ir para o Benfica 
#jogoSagrado",2020-07-13 23:48:29,JeffersonGes2,Twitter for Android,1282824250081017857,https://twitter.com/statuses/1282824250081017857
"Flamengo anuncia renova√ß√£o de contrato de L√©o Dem√©trio, eleito o melhor sexto homem do NBB https://t.co/dbwSTebFz2 #flamengo https://t.co/FiPMvVuNm7",2020-07-13 23:48:22,site_flamengorj,News Flamengo RJ,1282824220351836161,https://twitter.com/statuses/1282824220351836161
"Bahia 3x0 Flamengo, ganhar do time da m√≠dia e atentar os tabareus, tem coisa melhor n√£o. #SigaEcbahia https://t.co/q3LbIHMD0g",2020-07-13 23:48:16,MattheusM88,Twitter for iPhone,1282824195769081856,https://twitter.com/statuses/1282824195769081856
"#jogoSagrado ZICO √© um Nojo de um deboxe de jogador,ZICO obg por ser ZICO! Meu pai me falava que na √©poca do zico o FLAMENGO entrava ganhando e sa√≠a vencendor!",2020-07-13 23:48:15,Davidwi42407478,Twitter for Android,1282824192640131073,https://twitter.com/statuses/1282824192640131073
"@maurocezar Quero que ele se foda Mauro. N√£o tem a m√≠nima considera√ß√£o. Nunca teve. Nem sequer respeitou nossa temporada. Usou o Flamengo como trampolim. Do ostracismo veio, ao ostracismo voltar√°. Quest√£o de tempo!!!",2020-07-13 23:48:06,DaBonfin,Twitter for Android,1282824154052526086,https://twitter.com/statuses/1282824154052526086
"Em sil√™ncio no Ninho e em entrevistas, Jorge Jesus tem futuro em jogo no Flamengo | flamengo | Globoesporte O Ernesto Valverde (ex-Barcelona) seria uma boa? 
https://t.co/tbquFFOHYA",2020-07-13 23:48:03,flamante54,Twitter Web App,1282824140106469376,https://twitter.com/statuses/1282824140106469376
@cariocaaa33 Eu vi isso. Os caras viajam hahhahahaa tudo acha q √© sobre o Flamengo,2020-07-13 23:48:03,meloxss,Twitter for iPhone,1282824138957168642,https://twitter.com/statuses/1282824138957168642
"A Globo vai colocar o filme Jumanji pra concorrer com o jogo do Flamengo.

Pois bem, n√£o percam seu tempo, o filme √© fraco, quase infantil.

No final o The Rock sobe numa montanha e grita o nome do filme.

Todos voltam a ser adolescentes e o filme acaba! 

Partiu SBT/FLATV!!! https://t.co/jb2zVv7LgB",2020-07-13 23:48:03,mlkfarofa,Twitter Web App,1282824138709753856,https://twitter.com/statuses/1282824138709753856
eu preferiria ser banco no flamengo https://t.co/EE8dCBV48a,2020-07-13 23:48:01,_vulgocrf,Twitter for iPhone,1282824132808278017,https://twitter.com/statuses/1282824132808278017
"@Victors_crf Vou fazer isso, n√£o faz sentido odiar o mlk por ser do Flamengo, vou dar block",2020-07-13 23:47:54,Lisboa_Uzumaki,Twitter for Android,1282824104278732800,https://twitter.com/statuses/1282824104278732800
"Na minha opini√£o isso t√° at√© que f√°cil decidir qual a melhor dupla da d√©cada...Gabigol e Bruno H. Os dois foram campe√µes do Brasileir√£o ( com Gabigol, sele√ß√£o do brasileir√£o e artilheiro e BH com sele√ß√£o do brasileir√£o e vice artilheiro) ...
#foxsportsradio #Flamengo",2020-07-13 23:47:51,M_Antunes0,Twitter for iPhone,1282824091783880707,https://twitter.com/statuses/1282824091783880707
"@delaurentiis_br Bruno, metade das pessoas querem ele fora do Flamengo.
Dos outros 50 %, metade √© burra e n√£o acha que especular nas redes afeta o andamento dentro de um clube.
A outra metade dos 50, √© t√£o aflita que acaba afetando tb.",2020-07-13 23:47:48,5ponto6,Twitter for iPad,1282824076919267337,https://twitter.com/statuses/1282824076919267337
"@LFlaMengao Quanto mais distante do Flamengo, melhor.",2020-07-13 23:47:40,fabianocmvidal,Twitter for Android,1282824045248090112,https://twitter.com/statuses/1282824045248090112
Eu louco e meu pai chorando pq o Flamengo tinha ganhado. https://t.co/F7ONFl0JDN https://t.co/njSfCpqElj,2020-07-13 23:47:39,Gabriel281200,Twitter for iPhone,1282824040558796800,https://twitter.com/statuses/1282824040558796800
Boa noite a todos pergunta para o zico flamengo vai ser campe√£o#jogoSagrado,2020-07-13 23:47:34,FabionevesSilv5,Twitter for Android,1282824019599855618,https://twitter.com/statuses/1282824019599855618
"meu pai comprou 3 m√°scaras do flamengo pra mim, n√£o t√¥ sabendo lidar",2020-07-13 23:47:34,camposlivia2,Twitter for iPhone,1282824017691410433,https://twitter.com/statuses/1282824017691410433
Essa √© a vantagem que o FLAMENGO sempre teve em mente. S√≥ um jogo vai pagar mais que o carioca inteiro !!! https://t.co/oLHstn9GFr,2020-07-13 23:47:30,lipelambertini,Twitter for Android,1282824001828671488,https://twitter.com/statuses/1282824001828671488
Zico no flamengo https://t.co/Vj6zexbQ5r,2020-07-13 23:47:25,Gilbert54940792,Twitter for Android,1282823982220222467,https://twitter.com/statuses/1282823982220222467
"@DelfosH3C √â que eles s√£o Flamengo sem dinheiro e sem t√≠tulo: tem o melhor tecnico do mundo, arrog√¢ncia de sobra, s√£o europeus, s√£o adestrados por influencers e acham que tem uma lei paralela na constitui√ß√£o em favor pr√≥prio.",2020-07-13 23:47:24,interducude,Twitter for iPhone,1282823975979167744,https://twitter.com/statuses/1282823975979167744
"Fica, Mister! 

https://t.co/ran0ACwVZd",2020-07-13 23:47:16,UrubuInterativo,Twitter for Android,1282823944182136838,https://twitter.com/statuses/1282823944182136838
"Benja meu pai √© um grande f√£ do Zico, ele viu aquele incr√≠vel time de 1981 e me ensinou a amar o Flamengo e idolatrar o Zico!
#jogoSagrado",2020-07-13 23:47:08,Gahvictor14,Twitter for Android,1282823908463386624,https://twitter.com/statuses/1282823908463386624
@Flamengo ah caralho,2020-07-13 23:47:00,oksette,Twitter for Android,1282823874665684992,https://twitter.com/statuses/1282823874665684992
"@Flamengo Boa noite,estagi!üî¥‚ö´üí™",2020-07-13 23:46:57,JosemarAraujo1,Twitter Web App,1282823865148878852,https://twitter.com/statuses/1282823865148878852
@thcosenza A √∫ltima vez que critiquei o Vitinho foi no Flamengo x Atl√©tico Mineiro no Maracan√£. O resto vcs j√° sabem.,2020-07-13 23:46:47,orjcosta,Twitter for Android,1282823823381929987,https://twitter.com/statuses/1282823823381929987
"#jogoSagrado Zico √© o nosso √≠dolo, tem o futebol e o flamengo correndo nas veias. Quem dera que os jovens seguissem o seu exemplo, com certeza o futebol brasileiro continuaria no topo do mundo. Abra√ßo em todos e minha reverencia ao Deus Zico.",2020-07-13 23:46:46,Wanderley_TI,Twitter Web App,1282823816100622336,https://twitter.com/statuses/1282823816100622336
"alo torcida do flamengo, aquele abra√ßo!",2020-07-13 23:46:45,vocetanoshawn,Twitter Web App,1282823813772836875,https://twitter.com/statuses/1282823813772836875
"@venecasagrande Com todo esse sil√™ncio, se ele decidir ficar, desgradar√° a torcida do Benfica, se decidir ir embora, vai desagradar a torcida do Flamengo",2020-07-13 23:46:41,LuizFlv17464898,Twitter for iPhone,1282823796894859266,https://twitter.com/statuses/1282823796894859266
"@_ricardorj Mano e quando o Guga comemorou t√≠tulo do Flamengo? Xingaram ele do mesmo jeito, querem arrumar algo pra passar pano pro Cazares. N√£o aguento.",2020-07-13 23:46:40,Kaio1908,Twitter Web App,1282823790435721216,https://twitter.com/statuses/1282823790435721216
"JORGE JESUS j√° comunicou a diretoria que n√£o permanecer√° no @flamengo , diretoria j√° analisa nomes para substituir o t√©cnico",2020-07-13 23:46:37,Luan23177514,Twitter Web App,1282823780344225802,https://twitter.com/statuses/1282823780344225802
@FoxSportsBrasil Flamengo n√£o jogou mal em nenhum dos dois jogos. Conversa pra boi dormir. Flamengo joga assim mesmo. O problema foi que encontrou o Fluminense pela frente. A√≠ √© outra hist√≥ria. Fla x Flu √© outro patamar.,2020-07-13 23:46:36,JaecioMatos,Twitter for Android,1282823775218806786,https://twitter.com/statuses/1282823775218806786
@FoxSportsBrasil Sempre reserva. S√≥ n√£o √© reserva no Flamengo pq o ruindinei era de da d√≥.,2020-07-13 23:46:29,SantosBahia3,Twitter for Android,1282823748375195654,https://twitter.com/statuses/1282823748375195654
"@futebol_info A Globo vai colocar o filme Jumanji pra concorrer com o jogo do Flamengo.

Pois bem, n√£o percam seu tempo, o filme √© fraco, quase infantil.

No final o The Rock sobe numa montanha e grita o nome do filme.

Todos voltam a ser adolescentes e o filme acaba! 

Partiu SBT/FLATV!!!",2020-07-13 23:46:29,Cello_fla87,Twitter for Android,1282823746886262785,https://twitter.com/statuses/1282823746886262785
"Jorge Jesus √© grande, mas o Flamengo √© maior.",2020-07-13 23:46:29,lorraneufrasio,Twitter for Android,1282823745715998728,https://twitter.com/statuses/1282823745715998728
ser banco no Flamengo old https://t.co/0dyV092qTE,2020-07-13 23:46:28,crfrmengo,Twitter Web App,1282823743597948930,https://twitter.com/statuses/1282823743597948930
@futebol_info Por esse valor n√£o leva nem os pares de chuteira dos dois,2020-07-13 23:46:21,Flamengo_offRio,Twitter for Android,1282823712065150977,https://twitter.com/statuses/1282823712065150977
@Parente__Neto Relativamente mais jogos que o Rafinha e a galera fica se doendo dizendo que a m√≠dia trata o Flamengo diferente e tratou o Rafinha como grande astro...a√≠ encarnaram nisso de novo saca?,2020-07-13 23:46:15,LucasHolandaCos,Twitter for Android,1282823687041806337,https://twitter.com/statuses/1282823687041806337
"Explode a blazer, d√° fuga na blazer, de Falcon na curva, tu vai capotar, fala que √© bandido, m√≥ marra de brabo, ent√£o pia na reta, tenta me pegar
AK do Flamengo, muito barulhento..",2020-07-13 23:46:13,Laryecrf,Twitter Web App,1282823679743844358,https://twitter.com/statuses/1282823679743844358
"T√¥ pensando seriamente em parar de seguir ""jornalistas"" que ficam falando sobre esse assunto do JJ. O saco j√° deu. Inclusive alguns que cobrem o flamengo ao inv√©s de evitar o assunto s√£o os mais que dispersam a not√≠cia. Flapsol t√° com sdd do caos.",2020-07-13 23:46:08,10adrianogomes,Twitter for Android,1282823657652461569,https://twitter.com/statuses/1282823657652461569
"vei kkkkkkkkkkk eu nem posso fazer isso pq s√≥ aparece rival p mim... eh sempre corinthians ou palmeiras, as vezes flamengo mas nunca s√£o paulo üòî https://t.co/M3g2hPDFGu",2020-07-13 23:46:07,tayanelopesx,Twitter for iPhone,1282823655874088961,https://twitter.com/statuses/1282823655874088961
"Arthur Antunes Coimbra.....Zico.....vc foi o maior...abaixo do Flamengo, vem o Zico, abaixo do Zico vem o resto...√≠dolo m√°ximo....",2020-07-13 23:46:06,ozzyman99,Twitter for Android,1282823649695866880,https://twitter.com/statuses/1282823649695866880
Seja bem vindo mister kkkkkkkkk https://t.co/hdk5HmWhB5,2020-07-13 23:46:03,thii_ousadoo,Twitter for Android,1282823638601936897,https://twitter.com/statuses/1282823638601936897
"Rafinha reclama de dores no tornozelo esquerdo e vira preocupa√ß√£o no Flamengo para final contra o Fluminense

#FutebolNaESPN

https://t.co/ZygH3bWn3g https://t.co/KxvLpjZ0Mt",2020-07-13 23:45:59,ESPNBrasil,Buffer,1282823620880932864,https://twitter.com/statuses/1282823620880932864
"Na√ß√£o:

Grobo pode at√© doar dinheiro ao Vivo no hor√°rio do jogo do Flamengo, que ir√° perder audi√™ncia....kkkkkk

https://t.co/Mgr2hPMXa3",2020-07-13 23:45:52,LeonardoASDias,Twitter for iPhone,1282823592116457473,https://twitter.com/statuses/1282823592116457473
"Todo dia √© algum jornalista falando de Sampaoli/flamengo. Da um tempo gente, muda o disco, ta previs√≠vel demais.",2020-07-13 23:45:49,SouzaLuca2,Twitter for iPhone,1282823578522660866,https://twitter.com/statuses/1282823578522660866
@Flamengo Flamengo,2020-07-13 23:45:42,luizpacifico2,Twitter for iPhone,1282823548785106948,https://twitter.com/statuses/1282823548785106948
"Trago aqui 4 nomes para um ocasional Flamengo sem Jorge Jesus, segue o fio",2020-07-13 23:45:41,fla_news81,Twitter for Android,1282823543684825090,https://twitter.com/statuses/1282823543684825090
"acho dif√≠cil pra caralho ele sair, vai encerrar no flamengo https://t.co/b3bsQaY4nL",2020-07-13 23:45:38,guilhrmejj,Twitter Web App,1282823532792209408,https://twitter.com/statuses/1282823532792209408
"@daniellabp10 N√£o tem nem sentido o que voc√™ falou. 

Cazares j√° tem todo um hist√≥rico de indisciplinas, velho conhecido da torcida por isso. Pasme, mas quando Guga comemorou o t√≠tulo do Flamengo xingaram ele do MESMO jeito.",2020-07-13 23:45:32,Kaio1908,Twitter Web App,1282823507781529600,https://twitter.com/statuses/1282823507781529600
"@delaurentiis_br Vc √© torcedor do Flamengo ou do JJ, advogado dele, alguma coisa assim? O cara fez maior drama pra renovar e renovou com a pandemia j√° rolando, todo mundo sabia que n√£o iria acabar rapido a crise, ai 40 dias depois ele resolve ir embora e h√° quem justifique por ele? Pelo amor n√©",2020-07-13 23:45:32,YuriRiguete7,Twitter Web App,1282823507764744197,https://twitter.com/statuses/1282823507764744197
@eubiasouza Mas a√≠nda sim ele pode sair do Flamengo!,2020-07-13 23:45:30,kleberl343,Twitter for Android,1282823496821809153,https://twitter.com/statuses/1282823496821809153
"@diegoflamengofs Em 2019 e 2020. Ele teve nas duas oportunidades. Jorge Jesus √© representado pelo Giuliano Bertolucci: ningu√©m que tem ele como representante fica sem proposta constantemente. Jesus ficou no Flamengo por vontade pr√≥pria, simples assim. Se fosse por dinheiro ou saudade estaria l√°.",2020-07-13 23:45:19,mathrochagunsn1,Twitter for Android,1282823454585229314,https://twitter.com/statuses/1282823454585229314
"Uns retardados da pr√≥pria torcida q v√£o tratar de tirar Jesus do Flamengo msm, infelizmente √© o pre√ßo q a gente paga por ter uma torcida imensa, √© muito maluco desocupado nesse pacote",2020-07-13 23:45:19,Luann_sf,Twitter for Android,1282823453826002954,https://twitter.com/statuses/1282823453826002954
"Bicho, o cara falou do jogo do Cear√°, √†s 9 da MANH√É. Tem uma turma de JUMENTO nas reply xingando o maluco pq t√£o achando que √© sobre o jogo do Flamengo, √†s 21h da NOITE.

A falta que faz um ministro da educa√ß√£o. https://t.co/hD7FFDnwMQ",2020-07-13 23:45:18,oraufa,Twitter Web App,1282823446884495362,https://twitter.com/statuses/1282823446884495362
Flamengo x Gremio foi hoje? https://t.co/tlsHU8cW5a,2020-07-13 23:45:13,wlcramos,Twitter for Android,1282823428953735173,https://twitter.com/statuses/1282823428953735173
"Jorge Jesus est√° inclinado a deixar o Flamengo para comandar o Benfica. Quarta-feira ser√° o √∫ltimo jogo de JJ.

Representantes do t√©cnico conversam com o clube portugu√™s h√° 12 dias. Proposta √© de 5 anos de contrato, com valores acima do que ele recebe atualmente no @Flamengo.",2020-07-13 23:45:05,SirRedPool1,Twitter for iPhone,1282823395688710146,https://twitter.com/statuses/1282823395688710146
Jorge Jesus: uma vez Flamengo,2020-07-13 23:45:01,litioberiliozn,Twitter for Android,1282823377993039872,https://twitter.com/statuses/1282823377993039872
O Flamengo incomoda muito kkkkk,2020-07-13 23:45:00,Thayvison1,Twitter for Android,1282823372351721472,https://twitter.com/statuses/1282823372351721472
"Lament√°vel expuls√£o infantil do BRESSAN ! Jogador, quero crer, se despediu do Flamengo!",2020-07-13 23:45:00,bot_farid,"Cheap Bots, Done Quick!",1282823372066508800,https://twitter.com/statuses/1282823372066508800
A do Flamengo ** üòéüôÖüèª‚Äç‚ôÄÔ∏è https://t.co/EMZp6U7i27,2020-07-13 23:44:57,Karini04840472,Twitter for iPhone,1282823361677217794,https://twitter.com/statuses/1282823361677217794
@Flamengo Boa recupera√ß√£o Rafinha!,2020-07-13 23:44:57,Patriciacsan,Twitter for Android,1282823359672221697,https://twitter.com/statuses/1282823359672221697
VAI SER TRANSMITIDO NO SBT https://t.co/R08F3kCssm,2020-07-13 23:44:57,gsdoapolo,Twitter for Android,1282823358678261766,https://twitter.com/statuses/1282823358678261766
"@venecasagrande JJ muito obrigado por tudo!
Siga seu caminho e deixa o Flamengo seguir o dele ü§ó",2020-07-13 23:44:57,dracpl12,Twitter for iPhone,1282823358644654085,https://twitter.com/statuses/1282823358644654085
avacalhamos a festa do luizinho cantando m√∫sicas do flamengo kkkkkkkkk,2020-07-13 23:44:55,_mkset7,Twitter for iPhone,1282823352294481920,https://twitter.com/statuses/1282823352294481920
"@ghdandochoque Os jogadores do fluminense est√£o jogando como se fosse o √∫ltimo jogo da vida deles, enquanto o Flamengo est√° irreconhec√≠vel, eu j√° estou com um p√© atr√°s, tomara que o time jogue  com garra na quarta-feira, n√£o podemos da mole para eles.",2020-07-13 23:44:54,13feitozajofla,Twitter for Android,1282823346980360192,https://twitter.com/statuses/1282823346980360192
"@delaurentiis_br crl olha oq inventam pra prejudicar o flamengo, puta q pariu",2020-07-13 23:44:48,saN_1895,Twitter Web App,1282823321210560514,https://twitter.com/statuses/1282823321210560514
@EikeDelicia_ Preciso de um empate do Flamengo e vencer mais 5 partidas pra ser campe√£o.,2020-07-13 23:44:47,N5MNT,Twitter for Android,1282823317070675969,https://twitter.com/statuses/1282823317070675969
Qro uma camisa do Flamengo com o meu nome pprt,2020-07-13 23:44:32,docmplx_SM,Twitter for iPhone,1282823255775117313,https://twitter.com/statuses/1282823255775117313
"a situa√ß√£o do flamengo √© a seguinte, JJ vai sair mesmo, vem Sampaoli, Libertadores, Brasileiro e o Carioca... a hist√≥ria se repete novamente, modestia a parte",2020-07-13 23:44:30,_ocardoso,Twitter Web App,1282823248196055040,https://twitter.com/statuses/1282823248196055040
"@Flamengo fala com a gente estagi

 https://t.co/Jm2Qp0u69k",2020-07-13 23:44:19,opssJaque,Twitter for Android,1282823203145080832,https://twitter.com/statuses/1282823203145080832
Sem um dia de paz mesmo. Pqp https://t.co/iv7hDfx2d3,2020-07-13 23:44:15,_98mp,Twitter for Android,1282823185491283968,https://twitter.com/statuses/1282823185491283968
@FoxSportsBrasil O L√©o Pereira ele pode levar se pagar o q o Flamengo pagou ao Atl√©tico Paranaense. E dessa vez espero q o Flamengo contrate um zagueiro certo (Lucas Ver√≠ssimo).,2020-07-13 23:44:15,curussito,Twitter for Android,1282823184568528896,https://twitter.com/statuses/1282823184568528896
@FlaResenhaNews Muito cuidado com a zaga do Flamengo,2020-07-13 23:44:13,MarceloHonora13,Twitter for Android,1282823176800604161,https://twitter.com/statuses/1282823176800604161
"Queria ver o Sampaoli no Flamengo,  caso o mister saia. Por√©m, √© muito dif√≠cil...",2020-07-13 23:44:08,crf_zao,Twitter for Android,1282823154524708864,https://twitter.com/statuses/1282823154524708864
"@Flamengo Nada contra o SBT, mas #EuAssistoNaFlaTV",2020-07-13 23:43:54,R0drigo,Twitter for Android,1282823094357426176,https://twitter.com/statuses/1282823094357426176
"@thelifeofjoao S√≥ existe o Flamengo no futebol, qualquer outro jogo precisa ser especificado se n√£o √â DO FLAMENGO",2020-07-13 23:43:50,lxbelledejour,Twitter for Android,1282823078498770944,https://twitter.com/statuses/1282823078498770944
"@delaurentiis_br Quem disse q trocaria o Flamengo por outros 5 clubes no mundo(Benfica n√£o fazia parte) e quem acabou de assinar contrato de 1 ano, ha 1 m√©s... n√£o fui eu!",2020-07-13 23:43:49,AlissonAvarenga,Twitter for iPhone,1282823076472922112,https://twitter.com/statuses/1282823076472922112
queria mais uma camisa do flamengo af,2020-07-13 23:43:46,_itshello,Twitter for iPhone,1282823063374106624,https://twitter.com/statuses/1282823063374106624
"@gustavovillani Teve um jogador do Fluminense quando viu que iria ser substitu√≠do se jogou no ch√£o e foi atendido dentro de campo, isso demorou pelo menos 2 min! Mas como √© Flamengo e no lance era o gabigol o juiz quiz mostrar quem √© que manda, e quiz o protagonismo do jogo, causou tumulto.",2020-07-13 23:43:42,RalthieresSouza,Twitter for iPhone,1282823046437445636,https://twitter.com/statuses/1282823046437445636
Vou comprar uma blusa do Flamengo e do Barcelona,2020-07-13 23:43:39,poxalayzita_crf,Twitter for Android,1282823034794115082,https://twitter.com/statuses/1282823034794115082
S√≥ porque o Flamengo ganhou‚úçÔ∏èüî•üöÄüì¶ü§ù https://t.co/9GFEk0lZse,2020-07-13 23:43:37,Gringoimports2,Twitter for Android,1282823022873841664,https://twitter.com/statuses/1282823022873841664
sonhei que o mister ia embora do flamengo...,2020-07-13 23:43:35,crfjootta,Twitter for Android,1282823016280469506,https://twitter.com/statuses/1282823016280469506
"se o mister quiser sair q saia, euem, sou grata pelos t√≠tulos, mas o flamengo √© maior que ele",2020-07-13 23:43:33,_vulgocrf,Twitter for iPhone,1282823006318977025,https://twitter.com/statuses/1282823006318977025
"Mirassol deve blindar at√© o fim do estadual o meia Danilo, de 16 anos, que est√° sendo disputado por Fluminense, Cruzeiro, Flamengo e Internacional. De acordo com Edson Ermenegikdo, presidente do clube paulista, ainda n√£o chegou nada oficial. [@globoesportecom]",2020-07-13 23:43:30,GuerreirosNews_,Twitter for Android,1282822996764307462,https://twitter.com/statuses/1282822996764307462
nao acredito que come√ßou de novo essa conversa sobre o jj sair do flamengo,2020-07-13 23:43:26,francrf21,Twitter for Android,1282822979613872128,https://twitter.com/statuses/1282822979613872128
DJ Crise da Maconha do Flamengo,2020-07-13 23:43:25,nomesdjbot,"Cheap Bots, Done Quick!",1282822972596723712,https://twitter.com/statuses/1282822972596723712
"@allansimon91 Parece-me que continua sendo a√ß√£o entre amigos (governo, Flamengo, SBT, CNN), em que, por interesses, precisa fazer dar certo.",2020-07-13 23:43:18,felipeff1984,Twitter for iPhone,1282822946092982278,https://twitter.com/statuses/1282822946092982278
Boa noite s√≥ para quem √© Flamengo.,2020-07-13 23:43:11,iuryLima07,Twitter for Android,1282822914283376641,https://twitter.com/statuses/1282822914283376641
"Jumanji pra concorrer com o Flamengo Mano, Anem kakkaka algu√©m avisar",2020-07-13 23:42:58,Atila45065206,Twitter for Android,1282822860864618496,https://twitter.com/statuses/1282822860864618496
"JJ se quiser meter o p√© pode ir, s√≥ n√£o prejudica o Flamengo üò§üò§ü•∫",2020-07-13 23:42:57,NatRibeiro20,Twitter for iPhone,1282822856083210241,https://twitter.com/statuses/1282822856083210241
Vamos ver se a Flu TV bate 3 milh√µes em uma live agr kkkkkkkkkk https://t.co/8ucKOStN6d,2020-07-13 23:42:56,El7on_Vy7or,Twitter for Android,1282822852216061952,https://twitter.com/statuses/1282822852216061952
A li√ß√£o que essa hist√≥ria do Flamengo x Globo nos deixa √© n√£o pisar num terreno em que n√£o se tem conhecimento ou um estudo m√≠nimo. Foi um amadorismo achar que ia fatuar alto no streaming que ainda engatinha e no final fechar com outra para tentar reaver as perdas,2020-07-13 23:42:49,Felipe_Silva84,Twitter Web App,1282822825099833344,https://twitter.com/statuses/1282822825099833344
